Date,Open,High,Low,Close,Adj Close,Volume,Maturity Month,Maturity Year,Maturity Date
"May 17, 2024",489.25,490.25,485.75,486.25,486.25,664,9,25,09/15/2025
"May 16, 2024",492.75,494,488.5,489.25,489.25,664,9,25,09/15/2025
"May 15, 2024",496.5,498.5,491.5,492.75,492.75,"1,349",9,25,09/15/2025
"May 14, 2024",494.25,497.75,494.25,495.75,495.75,499,9,25,09/15/2025
"May 13, 2024",495.25,497.25,493.75,495.75,495.75,903,9,25,09/15/2025
"May 10, 2024",491,496.5,491,496.25,496.25,807,9,25,09/15/2025
"May 09, 2024",489.5,492.5,488,490.5,490.5,"1,861",9,25,09/15/2025
"May 08, 2024",492.75,493,488.75,490,490,"1,080",9,25,09/15/2025
"May 07, 2024",493.5,495,492.25,493.5,493.5,432,9,25,09/15/2025
"May 06, 2024",487.5,494,486.25,493,493,380,9,25,09/15/2025
"May 03, 2024",488,491.75,488,490.25,490.25,560,9,25,09/15/2025
"May 02, 2024",481,487.5,481,487.25,487.25,354,9,25,09/15/2025
"May 01, 2024",478.75,482.75,477.25,482.75,482.75,63,9,25,09/15/2025
"Apr 30, 2024",480,483.25,478.5,480.75,480.75,166,9,25,09/15/2025
"Apr 29, 2024",483.25,483.25,480.75,482.5,482.5,111,9,25,09/15/2025
"Apr 26, 2024",485,485.75,483,483.75,483.75,416,9,25,09/15/2025
"Apr 25, 2024",481.75,486,480.75,485.75,485.75,340,9,25,09/15/2025
"Apr 24, 2024",485.25,485.25,482.25,483.25,483.25,239,9,25,09/15/2025
"Apr 23, 2024",484.75,486,484.25,484.25,484.25,165,9,25,09/15/2025
"Apr 22, 2024",480.5,485,480.5,484.5,484.5,106,9,25,09/15/2025
"Apr 19, 2024",477.25,479.75,476.5,479.5,479.5,92,9,25,09/15/2025
"Apr 18, 2024",478.75,478.75,475.25,475.5,475.5,38,9,25,09/15/2025
"Apr 17, 2024",482,482.25,480.25,480.25,480.25,34,9,25,09/15/2025
"Apr 16, 2024",481.5,483.25,481.5,482.5,482.5,158,9,25,09/15/2025
"Apr 15, 2024",485,485,484.75,485,485,1,9,25,09/15/2025
"Apr 12, 2024",484,487,484,486.75,486.75,79,9,25,09/15/2025
"Apr 11, 2024",484.25,486.75,482,483.75,483.75,620,9,25,09/15/2025
"Apr 10, 2024",484.25,485,482.25,485,485,846,9,25,09/15/2025
"Apr 09, 2024",486,486.25,482.25,483.5,483.5,369,9,25,09/15/2025
"Apr 08, 2024",486.75,488.75,486.75,488.75,488.75,558,9,25,09/15/2025
"Apr 05, 2024",486,489,485,487,487,222,9,25,09/15/2025
"Apr 04, 2024",487,487,486,486.25,486.25,13,9,25,09/15/2025
"Apr 03, 2024",483.75,486,483,485.5,485.5,111,9,25,09/15/2025
"Apr 02, 2024",485.75,485.75,479.75,483.25,483.25,150,9,25,09/15/2025
"Apr 01, 2024",486.75,487.25,485,487.25,487.25,137,9,25,09/15/2025
"Mar 28, 2024",476,489,476,488.25,488.25,355,9,25,09/15/2025
"Mar 27, 2024",480.25,480.25,477.75,477.75,477.75,62,9,25,09/15/2025
"Mar 26, 2024",487,487,481.25,482.25,482.25,43,9,25,09/15/2025
"Mar 25, 2024",489.5,489.5,487,487.5,487.5,13,9,25,09/15/2025
"Mar 22, 2024",488,488,485.5,487.5,487.5,30,9,25,09/15/2025
"Mar 21, 2024",487.5,490,486.75,489,489,218,9,25,09/15/2025
"Mar 20, 2024",483.25,487,483.25,486.75,486.75,84,9,25,09/15/2025
"Mar 19, 2024",483,484,483,484,484,34,9,25,09/15/2025
"Mar 18, 2024",484,484,481,482.25,482.25,17,9,25,09/15/2025
"Mar 15, 2024",481.25,483.25,481.25,482.5,482.5,25,9,25,09/15/2025
"Mar 14, 2024",482,484.5,479.5,479.75,479.75,48,9,25,09/15/2025
"Mar 13, 2024",482.5,482.5,482,482.25,482.25,128,9,25,09/15/2025
"Mar 12, 2024",480,483,480,481.75,481.75,35,9,25,09/15/2025
"Mar 11, 2024",480.5,482.25,480.5,481.5,481.5,39,9,25,09/15/2025
"Mar 08, 2024",477.75,480.75,476.25,480.75,480.75,44,9,25,09/15/2025
"Mar 07, 2024",476.25,478,476,478,478,49,9,25,09/15/2025
"Mar 06, 2024",470,472.5,470,472.25,472.25,45,9,25,09/15/2025
"Mar 05, 2024",473.25,473.25,471,471,471,65,9,25,09/15/2025
"Mar 04, 2024",472.75,474.5,472.75,474.5,474.5,46,9,25,09/15/2025
"Mar 01, 2024",472.5,472.5,469.75,471.25,471.25,29,9,25,09/15/2025
"Feb 29, 2024",472.75,474.25,472.75,473.25,473.25,115,9,25,09/15/2025
"Feb 28, 2024",472.75,472.75,472.75,472.75,472.75,26,9,25,09/15/2025
"Feb 27, 2024",467.5,472.75,467.5,470.75,470.75,425,9,25,09/15/2025
"Feb 26, 2024",463.5,469.75,463.5,469.75,469.75,352,9,25,09/15/2025
"Feb 23, 2024",472,472.25,466,466,466,114,9,25,09/15/2025
"Feb 22, 2024",473.75,473.75,469.75,469.75,469.75,40,9,25,09/15/2025
"Feb 21, 2024",477,477.5,472.5,472.5,472.5,46,9,25,09/15/2025
"Feb 20, 2024",474.25,478,474.25,476.75,476.75,131,9,25,09/15/2025
"Feb 16, 2024",471.75,474.75,471.75,474.75,474.75,237,9,25,09/15/2025
"Feb 15, 2024",472.25,472.25,472,472,472,15,9,25,09/15/2025
"Feb 14, 2024",476.25,477.25,476.25,477.25,477.25,3,9,25,09/15/2025
"Feb 13, 2024",482.5,484.25,482,482.75,482.75,195,9,25,09/15/2025
"Feb 12, 2024",481,482,481,481.25,481.25,36,9,25,09/15/2025
"Feb 09, 2024",479.75,479.75,479.25,479.25,479.25,5,9,25,09/15/2025
"Feb 08, 2024",481.5,481.5,480,481.25,481.25,52,9,25,09/15/2025
"Feb 07, 2024",484.25,484.25,482.25,482.5,482.5,104,9,25,09/15/2025
"Feb 06, 2024",485.75,485.75,485.75,485.75,485.75,-,9,25,09/15/2025
"Feb 05, 2024",484.75,485.25,482.25,485.25,485.25,143,9,25,09/15/2025
"Feb 02, 2024",483.75,485.25,483,485.25,485.25,238,9,25,09/15/2025
"Feb 01, 2024",486,486,485.25,486,486,39,9,25,09/15/2025
"Jan 31, 2024",487.5,487.5,486.75,487.25,487.25,15,9,25,09/15/2025
"Jan 30, 2024",485,487,484.75,487,487,50,9,25,09/15/2025
"Jan 29, 2024",481.5,483.5,479.75,483.5,483.5,44,9,25,09/15/2025
"Jan 26, 2024",482.5,483.5,481.5,483.5,483.5,21,9,25,09/15/2025
"Jan 25, 2024",484.25,485.75,484.25,485.75,485.75,17,9,25,09/15/2025
"Jan 24, 2024",483.75,487.25,483.75,487.25,487.25,45,9,25,09/15/2025
"Jan 23, 2024",481.75,483.25,481.75,483.25,483.25,1,9,25,09/15/2025
"Jan 22, 2024",482.5,483.75,482,482.75,482.75,26,9,25,09/15/2025
"Jan 19, 2024",481.75,484.25,481,481,481,34,9,25,09/15/2025
"Jan 18, 2024",483.25,483.5,479.75,481.25,481.25,37,9,25,09/15/2025
"Jan 17, 2024",486.5,486.5,483,483,483,30,9,25,09/15/2025
"Jan 16, 2024",488.25,488.5,483.5,483.75,483.75,25,9,25,09/15/2025
"Jan 12, 2024",491.75,492.25,485,488.25,488.25,20,9,25,09/15/2025
"Jan 11, 2024",493.75,494,493.75,493.75,493.75,9,9,25,09/15/2025
"Jan 10, 2024",496,496.25,495.25,495.25,495.25,30,9,25,09/15/2025
"Jan 09, 2024",496,496,495.75,496,496,41,9,25,09/15/2025
"Jan 08, 2024",492.75,493,490.75,493,493,79,9,25,09/15/2025
"Jan 05, 2024",497,497,494,494.75,494.75,14,9,25,09/15/2025
"Jan 04, 2024",499.25,499.25,499.25,499.25,499.25,2,9,25,09/15/2025
"Jan 03, 2024",498.25,499.25,498.25,499.25,499.25,15,9,25,09/15/2025
"Jan 02, 2024",502,502,498.5,499.5,499.5,73,9,25,09/15/2025
"Dec 29, 2023",506.25,506.25,505,505.75,505.75,28,9,25,09/15/2025
"Dec 28, 2023",506,506,506,506,506,1,9,25,09/15/2025
"Dec 27, 2023",507.75,507.75,507.75,507.75,507.75,1,9,25,09/15/2025
"Dec 26, 2023",508.75,510.5,508.75,510.5,510.5,24,9,25,09/15/2025
"Dec 22, 2023",506.25,506.5,506.25,506.5,506.5,4,9,25,09/15/2025
"Dec 21, 2023",504.75,506.25,504.75,505.5,505.5,13,9,25,09/15/2025
"Dec 20, 2023",504.75,507.5,504,504.75,504.75,28,9,25,09/15/2025
"Dec 19, 2023",508.25,508.5,505.25,505.25,505.25,36,9,25,09/15/2025
"Dec 18, 2023",510.75,511.75,509.25,511.75,511.75,57,9,25,09/15/2025
"Dec 15, 2023",508.25,510.75,508.25,510.75,510.75,2,9,25,09/15/2025
"Dec 14, 2023",508,508.75,508,508.75,508.75,8,9,25,09/15/2025
"Dec 13, 2023",509.5,509.5,508.75,508.75,508.75,19,9,25,09/15/2025
"Dec 12, 2023",511.5,511.5,511.5,511.5,511.5,1,9,25,09/15/2025
"Dec 11, 2023",511.5,511.5,511.5,511.5,511.5,2,9,25,09/15/2025
"Dec 08, 2023",511.75,511.75,511.75,511.75,511.75,11,9,25,09/15/2025
"Dec 07, 2023",512,512,512,512,512,5,9,25,09/15/2025
"Dec 06, 2023",511.25,511.25,509.25,509.5,509.5,45,9,25,09/15/2025
"Dec 05, 2023",513.25,513.25,513.25,513.25,513.25,-,9,25,09/15/2025
"Dec 04, 2023",511.5,511.5,511.5,511.5,511.5,6,9,25,09/15/2025
"Dec 01, 2023",511.25,513,511.25,512.75,512.75,18,9,25,09/15/2025
"Nov 30, 2023",510.5,512.25,510.5,512,512,65,9,25,09/15/2025
"Nov 29, 2023",510,510,509.5,509.5,509.5,27,9,25,09/15/2025
"Nov 28, 2023",509,509.25,507.5,508.75,508.75,24,9,25,09/15/2025
"Nov 27, 2023",507,507.75,507,507.75,507.75,98,9,25,09/15/2025
"Nov 24, 2023",510.75,510.75,510.75,510.75,510.75,3,9,25,09/15/2025
"Nov 23, 2023",-,-,-,-,-,-,9,25,09/15/2025
"Nov 22, 2023",513.25,513.75,512,512,512,6,9,25,09/15/2025
"Nov 21, 2023",512.5,512.5,511.75,511.75,511.75,11,9,25,09/15/2025
"Nov 20, 2023",508.75,510,507.25,510,510,35,9,25,09/15/2025
"Nov 17, 2023",512,512,510.5,510.5,510.5,1,9,25,09/15/2025
"Nov 16, 2023",510.75,514,510.75,514,514,46,9,25,09/15/2025
"Nov 15, 2023",512,512,512,512,512,30,9,25,09/15/2025
"Nov 14, 2023",514.25,514.25,514.25,514.25,514.25,4,9,25,09/15/2025
"Nov 13, 2023",513,513,513,513,513,24,9,25,09/15/2025
"Nov 10, 2023",506.25,506.25,506.25,506.25,506.25,-,9,25,09/15/2025
"Nov 09, 2023",509.75,510.5,509.75,510.5,510.5,17,9,25,09/15/2025
"Nov 08, 2023",513,513,513,513,513,22,9,25,09/15/2025
"Nov 07, 2023",511,511,511,511,511,18,9,25,09/15/2025
"Nov 06, 2023",517,517,516.25,517,517,23,9,25,09/15/2025
"Nov 03, 2023",517,517,517,517,517,13,9,25,09/15/2025
"Nov 02, 2023",513.5,514,511.25,511.5,511.5,48,9,25,09/15/2025
"Nov 01, 2023",511.25,511.25,511.25,511.25,511.25,2,9,25,09/15/2025
"Oct 31, 2023",512.25,512.25,512.25,512.25,512.25,18,9,25,09/15/2025
"Oct 30, 2023",512,512,510.25,512,512,141,9,25,09/15/2025
"Oct 27, 2023",512.25,512.25,512.25,512.25,512.25,17,9,25,09/15/2025
"Oct 26, 2023",508.5,509.75,508.5,509.75,509.75,3,9,25,09/15/2025
"Oct 25, 2023",509.75,509.75,509.75,509.75,509.75,5,9,25,09/15/2025
"Oct 24, 2023",510.75,510.75,510.75,510.75,510.75,-,9,25,09/15/2025
"Oct 23, 2023",511.5,511.5,511.5,511.5,511.5,-,9,25,09/15/2025
"Oct 20, 2023",513,513,513,513,513,79,9,25,09/15/2025
"Oct 19, 2023",517,517,517,517,517,12,9,25,09/15/2025
"Oct 18, 2023",510.75,510.75,510.75,510.75,510.75,17,9,25,09/15/2025
"Oct 17, 2023",508.25,508.25,508.25,508.25,508.25,-,9,25,09/15/2025
"Oct 16, 2023",508.25,508.25,508.25,508.25,508.25,-,9,25,09/15/2025
"Oct 13, 2023",508.25,508.25,508.25,508.25,508.25,-,9,25,09/15/2025
"Oct 12, 2023",510.25,510.25,510.25,510.25,510.25,1,9,25,09/15/2025
"Oct 11, 2023",506.75,508.25,506.75,508.25,508.25,2,9,25,09/15/2025
"Oct 10, 2023",506.25,506.75,505,505,505,4,9,25,09/15/2025
"Oct 09, 2023",504.25,504.25,504.25,504.25,504.25,-,9,25,09/15/2025
"Oct 06, 2023",506,506,506,506,506,-,9,25,09/15/2025
"Oct 05, 2023",506.25,506.25,506.25,506.25,506.25,-,9,25,09/15/2025
"Oct 04, 2023",500.75,500.75,500.75,500.75,500.75,-,9,25,09/15/2025
"Oct 03, 2023",501.5,501.5,501.5,501.5,501.5,-,9,25,09/15/2025
"Oct 02, 2023",503,503,503,503,503,-,9,25,09/15/2025
"Sep 29, 2023",501,501.5,497.25,497.25,497.25,8,9,25,09/15/2025
"Sep 28, 2023",501,501,501,501,501,-,9,25,09/15/2025
"Sep 27, 2023",500.75,501.5,499.5,499.5,499.5,5,9,25,09/15/2025
"Sep 26, 2023",497.25,497.25,497.25,497.25,497.25,-,9,25,09/15/2025
"Sep 25, 2023",498,500,496.75,496.75,496.75,2,9,25,09/15/2025
"Sep 22, 2023",493.25,493.25,493.25,493.25,493.25,-,9,25,09/15/2025
"Sep 21, 2023",489.75,489.75,489.75,489.75,489.75,-,9,25,09/15/2025
"Sep 20, 2023",493.75,493.75,493.75,493.75,493.75,-,9,25,09/15/2025
"Sep 19, 2023",489.5,489.5,489.5,489.5,489.5,-,9,25,09/15/2025
"Sep 18, 2023",489.5,489.5,489.5,489.5,489.5,-,9,25,09/15/2025
"Sep 15, 2023",493,493,493,493,493,-,9,25,09/15/2025
"Sep 14, 2023",493.75,493.75,493.75,493.75,493.75,-,9,25,09/15/2025
"Sep 13, 2023",494,494,494,494,494,-,9,25,09/15/2025
"Sep 12, 2023",490,490,490,490,490,-,9,25,09/15/2025
"Sep 11, 2023",495.75,495.75,495.75,495.75,495.75,-,9,25,09/15/2025
"Sep 08, 2023",492.5,493.5,492.5,493.5,493.5,1,9,25,09/15/2025
"Sep 07, 2023",496,496,496,496,496,-,9,25,09/15/2025
"Sep 06, 2023",496.75,502.5,496.75,497,497,10,9,25,09/15/2025
"Sep 05, 2023",498,498,498,498,498,-,9,25,09/15/2025
"Sep 01, 2023",499.5,504.5,495,497,497,48,9,25,09/15/2025
"Aug 31, 2023",495.75,495.75,495.75,495.75,495.75,-,9,25,09/15/2025
"Aug 30, 2023",498.25,498.25,498.25,498.25,498.25,-,9,25,09/15/2025
"Aug 29, 2023",496,496,496,496,496,-,9,25,09/15/2025
"Aug 28, 2023",501,501,501,501,501,-,9,25,09/15/2025
"Aug 25, 2023",496.5,496.5,496.5,496.5,496.5,-,9,25,09/15/2025
"Aug 24, 2023",496.75,496.75,496.75,496.75,496.75,-,9,25,09/15/2025
"Aug 23, 2023",495.75,495.75,495.75,495.75,495.75,-,9,25,09/15/2025
"Aug 22, 2023",493,493,493,493,493,-,9,25,09/15/2025
"Aug 21, 2023",497,497,497,497,497,-,9,25,09/15/2025
"Aug 18, 2023",496.75,496.75,496.75,496.75,496.75,-,9,25,09/15/2025
"Aug 17, 2023",494.75,494.75,494.75,494.75,494.75,-,9,25,09/15/2025
"Aug 16, 2023",490,493.75,490,493.75,493.75,8,9,25,09/15/2025
"Aug 15, 2023",490.5,490.5,490.5,490.5,490.5,-,9,25,09/15/2025
"Aug 14, 2023",495.75,495.75,495.75,495.75,495.75,-,9,25,09/15/2025
"Aug 11, 2023",495.5,495.5,495.5,495.5,495.5,-,9,25,09/15/2025
"Aug 10, 2023",500.25,500.25,500.25,500.25,500.25,-,9,25,09/15/2025
"Aug 09, 2023",503.5,503.5,503.5,503.5,503.5,-,9,25,09/15/2025
"Aug 08, 2023",505,505,505,505,505,32,9,25,09/15/2025
"Aug 07, 2023",503.25,503.25,503.25,503.25,503.25,2,9,25,09/15/2025
"Aug 04, 2023",491.25,491.25,491.25,491.25,491.25,2,9,25,09/15/2025
"Aug 03, 2023",488,488,488,488,488,2,9,25,09/15/2025
"Aug 02, 2023",490,490,490,490,490,2,9,25,09/15/2025
"Aug 01, 2023",492.5,492.5,492.5,492.5,492.5,2,9,25,09/15/2025
"Jul 31, 2023",494.25,494.25,494.25,494.25,494.25,2,9,25,09/15/2025
"Jul 28, 2023",502.5,502.5,502.5,502.5,502.5,2,9,25,09/15/2025
"Jul 27, 2023",510.5,510.5,510.5,510.5,510.5,2,9,25,09/15/2025
"Jul 26, 2023",508.25,508.25,508.25,508.25,508.25,2,9,25,09/15/2025
"Jul 25, 2023",517.5,517.5,517.5,517.5,517.5,2,9,25,09/15/2025
"Jul 24, 2023",520.5,520.5,520.5,520.5,520.5,2,9,25,09/15/2025
"Jul 21, 2023",508.25,508.25,508.25,508.25,508.25,2,9,25,09/15/2025
"Jul 20, 2023",514.75,514.75,514.75,514.75,514.75,2,9,25,09/15/2025
"Jul 19, 2023",520,520,520,520,520,2,9,25,09/15/2025
"Jul 18, 2023",511.75,511.75,511.75,511.75,511.75,2,9,25,09/15/2025
"Jul 17, 2023",493.5,493.5,493.5,493.5,493.5,2,9,25,09/15/2025
"Jul 14, 2023",499.75,499.75,499.75,499.75,499.75,2,9,25,09/15/2025
"Jul 13, 2023",492.25,492.25,492.25,492.25,492.25,2,9,25,09/15/2025
"Jul 12, 2023",480,480,480,480,480,2,9,25,09/15/2025
"Jul 11, 2023",487.75,487.75,487.75,487.75,487.75,2,9,25,09/15/2025
"Jul 10, 2023",485.5,485.5,485.5,485.5,485.5,2,9,25,09/15/2025
"Jul 07, 2023",480.25,480.25,480.25,480.25,480.25,2,9,25,09/15/2025
"Jul 06, 2023",486.75,486.75,486.75,486.75,486.75,2,9,25,09/15/2025
"Jul 05, 2023",480,480,480,480,480,2,9,25,09/15/2025
"Jul 03, 2023",476.75,476.75,476.75,476.75,476.75,2,9,25,09/15/2025
"Jun 30, 2023",471.75,471.75,471.75,471.75,471.75,2,9,25,09/15/2025
"Jun 29, 2023",478.75,478.75,478.75,478.75,478.75,2,9,25,09/15/2025
"Jun 28, 2023",482.5,482.5,482.5,482.5,482.5,2,9,25,09/15/2025
"Jun 27, 2023",484.75,484.75,484.75,484.75,484.75,2,9,25,09/15/2025
"Jun 26, 2023",499.25,499.25,499.25,499.25,499.25,2,9,25,09/15/2025
"Jun 23, 2023",494.5,494.5,494.5,494.5,494.5,2,9,25,09/15/2025
"Jun 22, 2023",516.25,516.25,516.25,516.25,516.25,2,9,25,09/15/2025
"Jun 21, 2023",524.5,524.5,524.5,524.5,524.5,2,9,25,09/15/2025
"Jun 20, 2023",513,513,513,513,513,2,9,25,09/15/2025
"Jun 16, 2023",513.25,513.25,513.25,513.25,513.25,2,9,25,09/15/2025
"Jun 15, 2023",504,504,504,504,504,2,9,25,09/15/2025
"Jun 14, 2023",491.25,491.25,491.25,491.25,491.25,2,9,25,09/15/2025
"Jun 13, 2023",489.75,489.75,489.75,489.75,489.75,2,9,25,09/15/2025
"Jun 12, 2023",488.75,488.75,488.75,488.75,488.75,2,9,25,09/15/2025
"Jun 09, 2023",478.75,478.75,478.75,478.75,478.75,2,9,25,09/15/2025
"Jun 08, 2023",483.75,483.75,483.75,483.75,483.75,2,9,25,09/15/2025
"Jun 07, 2023",478.25,478.25,478.25,478.25,478.25,2,9,25,09/15/2025
"Jun 06, 2023",485.5,485.5,485.5,485.5,485.5,2,9,25,09/15/2025
"Jun 05, 2023",486,486,486,486,486,2,9,25,09/15/2025
"Jun 02, 2023",490.25,490.25,490.25,490.25,490.25,2,9,25,09/15/2025
"Jun 01, 2023",485,485,485,485,485,2,9,25,09/15/2025
"May 31, 2023",479.25,479.25,479.25,479.25,479.25,2,9,25,09/15/2025
"May 30, 2023",481,481,481,481,481,2,9,25,09/15/2025
"May 26, 2023",488,488,488,488,488,2,9,25,09/15/2025
"May 25, 2023",477.25,477.25,477.25,477.25,477.25,2,9,25,09/15/2025
"May 24, 2023",480,480,480,480,480,2,9,25,09/15/2025
"May 23, 2023",479.25,479.25,479.25,479.25,479.25,2,9,25,09/15/2025
"May 22, 2023",475.25,475.25,473.5,475.25,475.25,2,9,25,09/15/2025
"May 19, 2023",467.5,467.5,467.5,467.5,467.5,-,9,25,09/15/2025
"May 18, 2023",468.5,468.5,468.5,468.5,468.5,-,9,25,09/15/2025
"May 17, 2023",466.25,466.25,466.25,466.25,466.25,-,9,25,09/15/2025
"May 16, 2023",486.75,486.75,469,469,469,3,9,25,09/15/2025
"May 15, 2023",476,476,476,476,476,3,9,25,09/15/2025
"May 12, 2023",473.5,473.5,473.5,473.5,473.5,-,9,25,09/15/2025
"May 11, 2023",476,476,476,476,476,-,9,25,09/15/2025
"May 10, 2023",481.5,481.5,481.5,481.5,481.5,-,9,25,09/15/2025
"May 09, 2023",480.75,480.75,480.75,480.75,480.75,-,9,25,09/15/2025
"May 08, 2023",484,484,484,484,484,-,9,25,09/15/2025
"May 05, 2023",490,490,490,490,490,-,9,25,09/15/2025
"May 04, 2023",486.5,486.5,486.5,486.5,486.5,-,9,25,09/15/2025
"May 03, 2023",489,489,489,489,489,-,9,25,09/15/2025
"May 02, 2023",484,484,484,484,484,-,9,25,09/15/2025
"May 01, 2023",489,489,489,489,489,-,9,25,09/15/2025
"Apr 28, 2023",491.25,491.25,491.25,491.25,491.25,-,9,25,09/15/2025
"Apr 27, 2023",490,490,490,490,490,-,9,25,09/15/2025
"Apr 26, 2023",496.5,496.5,496.5,496.5,496.5,-,9,25,09/15/2025
"Apr 25, 2023",500.75,500.75,500.75,500.75,500.75,-,9,25,09/15/2025
"Apr 24, 2023",500.5,500.5,500.5,500.5,500.5,-,9,25,09/15/2025
"Apr 21, 2023",497.25,497.25,497.25,497.25,497.25,-,9,25,09/15/2025
"Apr 20, 2023",505,505,505,505,505,-,9,25,09/15/2025
"Apr 19, 2023",510,510,510,510,510,-,9,25,09/15/2025
"Apr 18, 2023",513.25,513.25,513.25,513.25,513.25,-,9,25,09/15/2025
"Apr 17, 2023",511.5,511.5,511.5,511.5,511.5,-,9,25,09/15/2025
"Apr 14, 2023",507,507,507,507,507,-,9,25,09/15/2025
"Apr 13, 2023",502,502,502,502,502,-,9,25,09/15/2025
"Apr 12, 2023",502.5,502.5,502.5,502.5,502.5,-,9,25,09/15/2025
"Apr 11, 2023",503.75,503.75,503.75,503.75,503.75,-,9,25,09/15/2025
"Apr 10, 2023",505.25,505.25,505.25,505.25,505.25,-,9,25,09/15/2025
"Apr 06, 2023",502.5,502.5,502.5,502.5,502.5,-,9,25,09/15/2025
"Apr 05, 2023",501.75,501.75,501.75,501.75,501.75,-,9,25,09/15/2025
"Apr 04, 2023",499.5,499.5,499.5,499.5,499.5,-,9,25,09/15/2025
"Apr 03, 2023",503.25,503.25,503.25,503.25,503.25,-,9,25,09/15/2025
"Mar 31, 2023",504.75,504.75,504.75,504.75,504.75,-,9,25,09/15/2025
"Mar 30, 2023",508.75,508.75,508.75,508.75,508.75,-,9,25,09/15/2025
"Mar 29, 2023",509.75,509.75,509.75,509.75,509.75,-,9,25,09/15/2025
"Mar 28, 2023",511.25,511.25,511.25,511.25,511.25,-,9,25,09/15/2025
"Mar 27, 2023",511.75,511.75,511.75,511.75,511.75,-,9,25,09/15/2025
"Mar 24, 2023",513,513,513,513,513,-,9,25,09/15/2025
"Mar 23, 2023",508.75,508.75,508.75,508.75,508.75,-,9,25,09/15/2025
"Mar 22, 2023",507.75,507.75,507.75,507.75,507.75,-,9,25,09/15/2025
"Mar 21, 2023",507.25,507.25,507.25,507.25,507.25,-,9,25,09/15/2025
"Mar 20, 2023",510.25,510.25,510.25,510.25,510.25,-,9,25,09/15/2025
"Mar 17, 2023",510.5,510.5,510.5,510.5,510.5,-,9,25,09/15/2025
"Mar 16, 2023",509.5,509.5,509.5,509.5,509.5,-,9,25,09/15/2025
"Mar 15, 2023",508.75,508.75,508.75,508.75,508.75,-,9,25,09/15/2025
"Mar 14, 2023",511,511,511,511,511,-,9,25,09/15/2025
"Mar 13, 2023",510.25,510.25,510.25,510.25,510.25,-,9,25,09/15/2025
"Mar 10, 2023",506.5,506.5,506.5,506.5,506.5,-,9,25,09/15/2025
"Mar 09, 2023",500.75,500.75,500.75,500.75,500.75,-,9,25,09/15/2025
"Mar 08, 2023",504.25,504.25,504.25,504.25,504.25,-,9,25,09/15/2025
"Mar 07, 2023",512.75,512.75,512.75,512.75,512.75,-,9,25,09/15/2025
"Mar 06, 2023",513.5,513.5,513.5,513.5,513.5,-,9,25,09/15/2025
"Mar 03, 2023",513.5,513.5,513.5,513.5,513.5,-,9,25,09/15/2025
"Mar 02, 2023",515.25,515.25,515.25,515.25,515.25,-,9,25,09/15/2025
"Mar 01, 2023",515.25,515.25,515.25,515.25,515.25,-,9,25,09/15/2025
"Feb 28, 2023",516,516,516,516,516,-,9,25,09/15/2025
"Feb 27, 2023",522.5,522.5,522.5,522.5,522.5,-,9,25,09/15/2025
"Feb 24, 2023",522.5,522.5,522.5,522.5,522.5,-,9,25,09/15/2025
"Feb 23, 2023",526.75,526.75,526.75,526.75,526.75,-,9,25,09/15/2025
"Feb 22, 2023",526.75,526.75,526.75,526.75,526.75,-,9,25,09/15/2025
"Feb 21, 2023",526.75,526.75,526.75,526.75,526.75,-,9,25,09/15/2025
"Feb 17, 2023",525.5,525.5,525.5,525.5,525.5,-,9,25,09/15/2025
"Feb 16, 2023",525.5,525.5,525.5,525.5,525.5,-,9,25,09/15/2025
"Feb 15, 2023",525.75,525.75,525.75,525.75,525.75,-,9,25,09/15/2025
"Feb 14, 2023",526.5,526.5,526.5,526.5,526.5,-,9,25,09/15/2025
"Feb 13, 2023",526.5,526.5,526.5,526.5,526.5,-,9,25,09/15/2025
"Feb 10, 2023",526.25,526.25,526.25,526.25,526.25,-,9,25,09/15/2025
"Feb 09, 2023",522.25,522.25,522.25,522.25,522.25,-,9,25,09/15/2025
"Feb 08, 2023",523,523,523,523,523,-,9,25,09/15/2025
"Feb 07, 2023",523,523,523,523,523,-,9,25,09/15/2025
"Feb 06, 2023",525.5,525.5,525.5,525.5,525.5,-,9,25,09/15/2025
"Feb 03, 2023",526.25,526.25,526.25,526.25,526.25,-,9,25,09/15/2025
"Feb 02, 2023",527,527,527,527,527,-,9,25,09/15/2025
"Feb 01, 2023",527,527,527,527,527,-,9,25,09/15/2025
"Jan 31, 2023",524.5,524.5,524.5,524.5,524.5,-,9,25,09/15/2025
"Jan 30, 2023",523.5,523.5,523.5,523.5,523.5,-,9,25,09/15/2025
"Jan 27, 2023",518.5,518.5,518.5,518.5,518.5,-,9,25,09/15/2025
"Jan 26, 2023",520.25,520.25,520.25,520.25,520.25,-,9,25,09/15/2025
"Jan 25, 2023",518,518,518,518,518,-,9,25,09/15/2025
"Jan 24, 2023",520.25,520.25,520.25,520.25,520.25,-,9,25,09/15/2025
"Jan 23, 2023",517.75,517.75,517.75,517.75,517.75,-,9,25,09/15/2025
"Jan 20, 2023",520,520,520,520,520,-,9,25,09/15/2025
"Jan 19, 2023",520.75,520.75,520.75,520.75,520.75,-,9,25,09/15/2025
"Jan 18, 2023",525.5,525.5,525.5,525.5,525.5,-,9,25,09/15/2025
"Jan 17, 2023",527.25,527.25,527.25,527.25,527.25,-,9,25,09/15/2025
"Jan 13, 2023",523.5,523.5,523.5,523.5,523.5,-,9,25,09/15/2025
"Jan 12, 2023",521.5,521.5,521.5,521.5,521.5,-,9,25,09/15/2025
"Jan 11, 2023",520.75,520.75,520.75,520.75,520.75,-,9,25,09/15/2025
"Jan 10, 2023",523.25,523.25,523.25,523.25,523.25,-,9,25,09/15/2025
"Jan 09, 2023",526.5,526.5,526.5,526.5,526.5,-,9,25,09/15/2025
"Jan 06, 2023",527.75,527.75,527.75,527.75,527.75,-,9,25,09/15/2025
"Jan 05, 2023",528.5,528.5,528.5,528.5,528.5,-,9,25,09/15/2025
"Jan 04, 2023",525.5,525.5,525.5,525.5,525.5,-,9,25,09/15/2025
"Jan 03, 2023",531.5,531.5,531.5,531.5,531.5,-,9,25,09/15/2025
"Dec 30, 2022",529.25,529.25,529.25,529.25,529.25,-,9,25,09/15/2025
"Dec 29, 2022",531.25,531.25,531.25,531.25,531.25,-,9,25,09/15/2025
"Dec 28, 2022",532,532,532,532,532,-,9,25,09/15/2025
"Dec 27, 2022",531.25,531.25,531.25,531.25,531.25,-,9,25,09/15/2025
"Dec 23, 2022",531,531,531,531,531,-,9,25,09/15/2025
"Dec 22, 2022",530.75,530.75,530.75,530.75,530.75,-,9,25,09/15/2025
"Dec 21, 2022",530.75,530.75,530.75,530.75,530.75,-,9,25,09/15/2025
"Dec 20, 2022",528.5,528.5,528.5,528.5,528.5,-,9,25,09/15/2025
"Dec 19, 2022",530.5,530.5,530.5,530.5,530.5,-,9,25,09/15/2025
"Dec 16, 2022",530,530,530,530,530,-,9,25,09/15/2025
"Dec 15, 2022",531.75,531.75,531.75,531.75,531.75,-,9,25,09/15/2025